{
  "properties": {
    "connectionReferences": {
      "shared_sharepointonline_2": {
        "runtimeSource": "embedded",
        "connection": {
          "connectionReferenceLogicalName": "new_sharedsharepointonline_c3767"
        },
        "api": {
          "name": "shared_sharepointonline"
        }
      },
      "shared_gmail_1": {
        "runtimeSource": "embedded",
        "connection": {
          "connectionReferenceLogicalName": "new_sharedgmail_719ca"
        },
        "api": {
          "name": "shared_gmail"
        }
      }
    },
    "definition": {
      "$schema": "https://schema.management.azure.com/providers/Microsoft.Logic/schemas/2016-06-01/workflowdefinition.json#",
      "contentVersion": "1.0.0.0",
      "parameters": {
        "$connections": {
          "defaultValue": {},
          "type": "Object"
        },
        "$authentication": {
          "defaultValue": {},
          "type": "SecureObject"
        },
        "GAIB_Site (new_GAIB_Site)": {
          "defaultValue": "https://mypersorg.sharepoint.com/sites/Community",
          "type": "String",
          "metadata": {
            "schemaName": "new_GAIB_Site"
          }
        },
        "GAIB_Attendees (new_GAIB_Attendees)": {
          "defaultValue": "3b45987d-9a94-40f6-89d5-0e236c4e2d86",
          "type": "String",
          "metadata": {
            "schemaName": "new_GAIB_Attendees"
          }
        }
      },
      "triggers": {
        "manual": {
          "metadata": {
            "operationMetadataId": "e5d07173-4cc6-42fd-b615-6b54e84546d4"
          },
          "type": "Request",
          "kind": "Http",
          "inputs": {
            "triggerAuthenticationType": "All"
          }
        }
      },
      "actions": {
        "Get_item": {
          "runAfter": {},
          "metadata": {
            "operationMetadataId": "89ef7364-54b1-4ad1-9476-aa9c999653bd"
          },
          "type": "OpenApiConnection",
          "inputs": {
            "host": {
              "connectionName": "shared_sharepointonline_2",
              "operationId": "GetItem",
              "apiId": "/providers/Microsoft.PowerApps/apis/shared_sharepointonline"
            },
            "parameters": {
              "dataset": "@parameters('GAIB_Site (new_GAIB_Site)')",
              "table": "@parameters('GAIB_Attendees (new_GAIB_Attendees)')",
              "id": "@triggerBody()"
            },
            "authentication": "@parameters('$authentication')"
          }
        },
        "Condition": {
          "actions": {
            "Get_file_content_using_path_2": {
              "runAfter": {},
              "metadata": {
                "operationMetadataId": "15fd5c95-e41a-4780-84be-da61c4bb3e11"
              },
              "type": "OpenApiConnection",
              "inputs": {
                "host": {
                  "connectionName": "shared_sharepointonline_2",
                  "operationId": "GetFileContentByPath",
                  "apiId": "/providers/Microsoft.PowerApps/apis/shared_sharepointonline"
                },
                "parameters": {
                  "dataset": "@parameters('GAIB_Site (new_GAIB_Site)')",
                  "path": "/Shared Documents/@{outputs('Get_item')?['body/Title']}.png",
                  "inferContentType": true
                },
                "authentication": "@parameters('$authentication')"
              }
            },
            "Send_email_(V2)": {
              "runAfter": {
                "Get_file_content_using_path_2": [
                  "Succeeded"
                ]
              },
              "metadata": {
                "operationMetadataId": "04f5f437-6786-4571-a11f-ae9f68f7f303"
              },
              "type": "OpenApiConnection",
              "inputs": {
                "host": {
                  "connectionName": "shared_gmail_1",
                  "operationId": "SendEmailV2",
                  "apiId": "/providers/Microsoft.PowerApps/apis/shared_gmail"
                },
                "parameters": {
                  "emailMessage/To": "@outputs('Get_item')?['body/Email']",
                  "emailMessage/Subject": "Global AI Pune Final Confirmation",
                  "emailMessage/Body": "<p><strong><span style=\"font-family: arial\">Hello, </span><span style=\"font-family: arial\">@{outputs('Get_item')?['body/Title']}</span></strong><span style=\"font-family: arial\"></span><span style=\"font-family: arial\"></span><br><br><span style=\"font-family: arial\">This is the confirmation email to bring your notice that you have been shortlisted to attend the </span><span style=\"color: rgb(226,80,65); font-family: arial\"><strong>Global AI Bootcamp - Pune 2023.<br>\n</strong></span><span style=\"font-family: arial\"><br>\nPFA below the QR code as the event pass which will be verified on the day of event.<br>\n<br>\n</span><span style=\"font-family: arial\"><strong>If you have any questions or doubts, please don't hesitate to reach out to - &nbsp;<br>\n</strong></span><span style=\"font-family: arial; color: rgb(41,105,176)\"><strong>Siddharth Vaghasia - 9049001064<br>\nNanddeep Nachan - &nbsp;9423378353</strong></span><span style=\"font-family: arial\"><strong><br>\n</strong></span><span style=\"font-family: arial\"><br>\n</span><span style=\"font-family: arial\"><strong>For more information, you can visit https://www.meetup.com/pune-tech-community/events/287923053/</strong></span></p>\n<img src=\"https://secure.meetupstatic.com/photos/event/2/4/8/7/clean_493329351.jpeg\" alt=\"Pct\" width=\"150\" height=\"75\">",
                  "emailMessage/Attachments": [
                    {
                      "Name": "qrcode.jpg",
                      "ContentBytes": "@body('Get_file_content_using_path_2')"
                    }
                  ]
                },
                "authentication": "@parameters('$authentication')"
              }
            },
            "Update_item_3": {
              "runAfter": {
                "Send_email_(V2)": [
                  "Succeeded"
                ]
              },
              "metadata": {
                "operationMetadataId": "1445bac5-dd48-4b44-bace-fb99f8fbc535"
              },
              "type": "OpenApiConnection",
              "inputs": {
                "host": {
                  "connectionName": "shared_sharepointonline_2",
                  "operationId": "PatchItem",
                  "apiId": "/providers/Microsoft.PowerApps/apis/shared_sharepointonline"
                },
                "parameters": {
                  "dataset": "@parameters('GAIB_Site (new_GAIB_Site)')",
                  "table": "@parameters('GAIB_Attendees (new_GAIB_Attendees)')",
                  "id": "@outputs('Get_item')?['body/ID']",
                  "item/Title": "@outputs('Get_item')?['body/Title']",
                  "item/Shortlisted": true,
                  "item/AttendeeConfirmed/Value": "Yes",
                  "item/NotifyAttendee": true
                },
                "authentication": "@parameters('$authentication')"
              }
            }
          },
          "runAfter": {
            "Get_item": [
              "Succeeded"
            ]
          },
          "else": {
            "actions": {
              "Send_email_(V2)_2": {
                "runAfter": {},
                "metadata": {
                  "operationMetadataId": "ee0ff403-a7f8-432d-bdee-fea554cf5c90"
                },
                "type": "OpenApiConnection",
                "inputs": {
                  "host": {
                    "connectionName": "shared_gmail_1",
                    "operationId": "SendEmailV2",
                    "apiId": "/providers/Microsoft.PowerApps/apis/shared_gmail"
                  },
                  "parameters": {
                    "emailMessage/To": "@outputs('Get_item')?['body/Email']",
                    "emailMessage/Subject": "Apologies for not being able to accommodate you at  Global AI Bootcamp Pune",
                    "emailMessage/Body": "<p><span style=\"font-family: arial\"><strong>Hello </strong></span><span style=\"font-family: arial\"><strong>@{outputs('Get_item')?['body/Title']}</strong></span><span style=\"font-family: arial\"><strong></strong></span><span style=\"font-family: arial\"><br>\n<br>\nWe regret to inform you that we have reached maximum capacity for the upcoming </span><span style=\"font-family: arial; color: rgb(226,80,65)\"><strong>Global AI Bootcamp - Pune 2023</strong></span><span style=\"font-family: arial\">, and unfortunately, we are unable to accommodate any further attendees. <br>\n<br>\nWe understand that this may be disappointing news for you, but we hope that you will continue to stay engaged with our events in the future.<br>\n<br>\nWe have several upcoming events planned, and we encourage you to visit our website at https://www.meetup.com/pune-tech-community/events/287923053/ <br>\n<br>\n<b> We also invite you to follow us on social media, where we regularly post updates and information about our events.</b><br>\nLinkedln : https://www.linkedin.com/company/punetechcommunity/<br>\nYoutube : https://www.youtube.com/@PuneTechCommunity<br>\n<br>\nWe appreciate your interest in our event and hope to have the opportunity to host you at a future event. <br>\n<br>\nThank you for your understanding, and we look forward to connecting with you soon.<br>\n<br>\n</span><span style=\"font-family: arial\"><strong>If you have any questions or doubts, please don't hesitate to reach out to - &nbsp;</strong></span><span style=\"font-family: arial\"><br>\n</span><span style=\"font-family: arial; color: rgb(41,105,176)\"><strong>Siddharth Vaghasia - 9049001064<br>\nNanddeep Nachan - &nbsp;9423378353</strong></span><span style=\"font-family: arial\"><br>\n</span></p>\n<img src=\"https://secure.meetupstatic.com/photos/event/2/4/8/7/clean_493329351.jpeg\" alt=\"Pct\" width=\"150\" height=\"75\">"
                  },
                  "authentication": "@parameters('$authentication')"
                }
              },
              "Update_item": {
                "runAfter": {
                  "Send_email_(V2)_2": [
                    "Succeeded"
                  ]
                },
                "metadata": {
                  "operationMetadataId": "1445bac5-dd48-4b44-bace-fb99f8fbc535"
                },
                "type": "OpenApiConnection",
                "inputs": {
                  "host": {
                    "connectionName": "shared_sharepointonline_2",
                    "operationId": "PatchItem",
                    "apiId": "/providers/Microsoft.PowerApps/apis/shared_sharepointonline"
                  },
                  "parameters": {
                    "dataset": "@parameters('GAIB_Site (new_GAIB_Site)')",
                    "table": "@parameters('GAIB_Attendees (new_GAIB_Attendees)')",
                    "id": "@outputs('Get_item')?['body/ID']",
                    "item/Title": "@outputs('Get_item')?['body/Title']",
                    "item/Shortlisted": false,
                    "item/AttendeeConfirmed/Value": "No",
                    "item/NotifyAttendee": true
                  },
                  "authentication": "@parameters('$authentication')"
                }
              }
            }
          },
          "expression": {
            "equals": [
              "@outputs('Get_item')?['body/AttendeeConfirmed/Value']",
              "Yes"
            ]
          },
          "metadata": {
            "operationMetadataId": "26f64d2c-5634-4938-afff-83cb372bf983"
          },
          "type": "If"
        }
      }
    },
    "templateName": ""
  },
  "schemaVersion": "1.0.0.0"
}