{
  "properties": {
    "connectionReferences": {
      "shared_gmail": {
        "runtimeSource": "embedded",
        "connection": {
          "connectionReferenceLogicalName": "new_sharedgmail_719ca"
        },
        "api": {
          "name": "shared_gmail"
        }
      },
      "shared_sharepointonline_1": {
        "runtimeSource": "embedded",
        "connection": {
          "connectionReferenceLogicalName": "new_sharedsharepointonline_c3767"
        },
        "api": {
          "name": "shared_sharepointonline"
        }
      }
    },
    "definition": {
      "$schema": "https://schema.management.azure.com/providers/Microsoft.Logic/schemas/2016-06-01/workflowdefinition.json#",
      "contentVersion": "1.0.0.0",
      "parameters": {
        "$connections": {
          "defaultValue": {},
          "type": "Object"
        },
        "$authentication": {
          "defaultValue": {},
          "type": "SecureObject"
        },
        "GAIB_Site (new_GAIB_Site)": {
          "defaultValue": "https://mypersorg.sharepoint.com/sites/Community",
          "type": "String",
          "metadata": {
            "schemaName": "new_GAIB_Site"
          }
        },
        "GAIB_Attendees (new_GAIB_Attendees)": {
          "defaultValue": "3b45987d-9a94-40f6-89d5-0e236c4e2d86",
          "type": "String",
          "metadata": {
            "schemaName": "new_GAIB_Attendees"
          }
        }
      },
      "triggers": {
        "When_an_item_is_created": {
          "recurrence": {
            "interval": 1,
            "frequency": "Minute"
          },
          "splitOn": "@triggerOutputs()?['body/value']",
          "metadata": {
            "operationMetadataId": "07de25b1-0bd1-4757-8d24-855bab055e1e"
          },
          "type": "OpenApiConnection",
          "inputs": {
            "host": {
              "connectionName": "shared_sharepointonline_1",
              "operationId": "GetOnNewItems",
              "apiId": "/providers/Microsoft.PowerApps/apis/shared_sharepointonline"
            },
            "parameters": {
              "dataset": "@parameters('GAIB_Site (new_GAIB_Site)')",
              "table": "@parameters('GAIB_Attendees (new_GAIB_Attendees)')"
            },
            "authentication": "@parameters('$authentication')"
          }
        }
      },
      "actions": {
        "Initialize_variable": {
          "runAfter": {
            "Get_item": [
              "Succeeded"
            ]
          },
          "metadata": {
            "operationMetadataId": "1a7630c7-315e-47b4-8011-91de032c05d1"
          },
          "type": "InitializeVariable",
          "inputs": {
            "variables": [
              {
                "name": "Imagetag",
                "type": "string",
                "value": "<img src=\"data:image/jpeg;base64,\" alt=\"My Image\"/>"
              }
            ]
          }
        },
        "Send_email_(V2)": {
          "runAfter": {
            "Initialize_variable": [
              "Succeeded"
            ]
          },
          "metadata": {
            "operationMetadataId": "d3055436-0c1c-4c03-b41c-f54669cf2d30"
          },
          "type": "OpenApiConnection",
          "inputs": {
            "host": {
              "connectionName": "shared_gmail",
              "operationId": "SendEmailV2",
              "apiId": "/providers/Microsoft.PowerApps/apis/shared_gmail"
            },
            "parameters": {
              "emailMessage/To": "@triggerOutputs()?['body/Email']",
              "emailMessage/Subject": "Thank you for showing your interest for Global AI Bootcamp - Pune 2023",
              "emailMessage/Body": "<p><span style=\"font-family: arial\">Hello, </span><span style=\"font-family: arial\"><strong>@{outputs('Get_item')?['body/Title']}</strong></span><span style=\"font-family: arial\"><strong></strong></span><span style=\"font-family: arial\"><br>\n<br>\nThank you for filling out our form for the </span><span style=\"color: rgb(226,80,65); font-family: arial\"><strong>Global AI Bootcamp - Pune 2023.</strong></span><span style=\"font-family: arial\"><br>\n<br>\nWe have received your response and would like to inform you that you have been added to our waitlist.<br>\n<br>\n500+ registrations is an overwhelming response to any event.&nbsp;\n<br>\n<br>\nIt is not possible to accommodate 500+ attendees at the venue with the best in-person experience.&nbsp;<br>\n<br>\nEntry to the venue will be based on the confirmation email.&nbsp;<br>\n<br>\nHowever, we do not want to disappoint anyone. Events at Pune Tech Community are run across the year. We will definitely meet at one or another.<br>\n<br>\n</span><span style=\"font-family: arial\"><strong>Note:</strong></span><span style=\"font-family: arial\"> The confirmation email will be sent out by</span><span style=\"font-family: arial\"><strong> Friday, March 3, 2023.</strong></span><span style=\"font-family: arial\"><br>\n<br>\n</span><span style=\"font-family: arial\"><strong>If you have any questions or doubts, please don't hesitate to reach out to - &nbsp;<br>\n</strong></span><span style=\"font-family: arial; color: rgb(41,105,176)\"><strong>Siddharth Vaghasia - 9049001064<br>\nNanddeep Nachan - &nbsp;9423378353</strong></span><span style=\"font-family: arial\"><br>\n<br>\n</span><span style=\"font-family: arial\"><strong>For more information, you can visit</strong></span><span style=\"font-family: arial\"> https://www.meetup.com/pune-tech-community/events/287923053/</span></p>\n<img src=\"https://secure.meetupstatic.com/photos/event/2/4/8/7/clean_493329351.jpeg\" alt=\"Pct\" width=\"150\" height=\"75\">"
            },
            "authentication": "@parameters('$authentication')"
          }
        },
        "Get_item": {
          "runAfter": {},
          "metadata": {
            "operationMetadataId": "cff2c803-7d84-4cf8-b0ce-ce6a5e72ef6d"
          },
          "type": "OpenApiConnection",
          "inputs": {
            "host": {
              "connectionName": "shared_sharepointonline_1",
              "operationId": "GetItem",
              "apiId": "/providers/Microsoft.PowerApps/apis/shared_sharepointonline"
            },
            "parameters": {
              "dataset": "@parameters('GAIB_Site (new_GAIB_Site)')",
              "table": "@parameters('GAIB_Attendees (new_GAIB_Attendees)')",
              "id": "@triggerOutputs()?['body/ID']"
            },
            "authentication": "@parameters('$authentication')"
          }
        }
      }
    },
    "templateName": ""
  },
  "schemaVersion": "1.0.0.0"
}