{
  "properties": {
    "connectionReferences": {
      "shared_microsoftforms_1": {
        "runtimeSource": "embedded",
        "connection": {
          "connectionReferenceLogicalName": "new_sharedmicrosoftforms_10b49"
        },
        "api": {
          "name": "shared_microsoftforms"
        }
      },
      "shared_sharepointonline_1": {
        "runtimeSource": "embedded",
        "connection": {
          "connectionReferenceLogicalName": "new_sharedsharepointonline_c3767"
        },
        "api": {
          "name": "shared_sharepointonline"
        }
      }
    },
    "definition": {
      "$schema": "https://schema.management.azure.com/providers/Microsoft.Logic/schemas/2016-06-01/workflowdefinition.json#",
      "contentVersion": "1.0.0.0",
      "parameters": {
        "$connections": {
          "defaultValue": {},
          "type": "Object"
        },
        "$authentication": {
          "defaultValue": {},
          "type": "SecureObject"
        },
        "GAIB_Site (new_GAIB_Site)": {
          "defaultValue": "https://mypersorg.sharepoint.com/sites/Community",
          "type": "String",
          "metadata": {
            "schemaName": "new_GAIB_Site"
          }
        },
        "GAIB_Attendees (new_GAIB_Attendees)": {
          "defaultValue": "3b45987d-9a94-40f6-89d5-0e236c4e2d86",
          "type": "String",
          "metadata": {
            "schemaName": "new_GAIB_Attendees"
          }
        }
      },
      "triggers": {
        "When_a_new_response_is_submitted": {
          "splitOn": "@triggerOutputs()?['body/value']",
          "metadata": {
            "operationMetadataId": "63aeadf0-34b1-4006-baee-2d799a610228"
          },
          "type": "OpenApiConnectionWebhook",
          "inputs": {
            "host": {
              "connectionName": "shared_microsoftforms_1",
              "operationId": "CreateFormWebhook",
              "apiId": "/providers/Microsoft.PowerApps/apis/shared_microsoftforms"
            },
            "parameters": {
              "form_id": "sJ6sW2sePUaNu2uiR3kUuWoJiFhoQbtNqlLg4yJ1e9JUM1pIQVYwT0VENFBGTUNDRlQ5VTNMTFBZQS4u"
            },
            "authentication": "@parameters('$authentication')"
          }
        }
      },
      "actions": {
        "Get_response_details": {
          "runAfter": {},
          "metadata": {
            "operationMetadataId": "6ec63518-ed30-43f8-b950-241a1cb7e90b"
          },
          "type": "OpenApiConnection",
          "inputs": {
            "host": {
              "connectionName": "shared_microsoftforms_1",
              "operationId": "GetFormResponseById",
              "apiId": "/providers/Microsoft.PowerApps/apis/shared_microsoftforms"
            },
            "parameters": {
              "form_id": "sJ6sW2sePUaNu2uiR3kUuWoJiFhoQbtNqlLg4yJ1e9JUM1pIQVYwT0VENFBGTUNDRlQ5VTNMTFBZQS4u",
              "response_id": "@triggerOutputs()?['body/resourceData/responseId']"
            },
            "authentication": "@parameters('$authentication')"
          }
        },
        "Create_item": {
          "runAfter": {
            "Get_response_details": [
              "Succeeded"
            ]
          },
          "metadata": {
            "operationMetadataId": "f4025e52-1da6-4c25-978b-bcb1e2b5c8d7"
          },
          "type": "OpenApiConnection",
          "inputs": {
            "host": {
              "connectionName": "shared_sharepointonline_1",
              "operationId": "PostItem",
              "apiId": "/providers/Microsoft.PowerApps/apis/shared_sharepointonline"
            },
            "parameters": {
              "dataset": "@parameters('GAIB_Site (new_GAIB_Site)')",
              "table": "@parameters('GAIB_Attendees (new_GAIB_Attendees)')",
              "item/Title": "@outputs('Get_response_details')?['body/r0039acff2c35489398199727aece75a4']",
              "item/Email": "@outputs('Get_response_details')?['body/rd4f42cfd7d924e35bc9f0e8f45f85b5a']",
              "item/ContactNumber": "@outputs('Get_response_details')?['body/r22f219e02eae4d9a8a29127339543da1']",
              "item/RegisteredforIn_x002d_person/Value": "@outputs('Get_response_details')?['body/r32a9fd1df2b340a5a1a584bc821fa21c']",
              "item/Whydowanttoattendthisevent": "@outputs('Get_response_details')?['body/r43633b10afd54f80b7ecb07e4acf411a']",
              "item/AttendedFujitsuBootcamp/Value": "@outputs('Get_response_details')?['body/r45f27fc90f5d40f386ee8a253089a54b']",
              "item/Areyouworkingprofessional/Value": "@outputs('Get_response_details')?['body/rcecd21dc811a40f991eae74566acb3b9']",
              "item/OrganizationName": "@outputs('Get_response_details')?['body/ra0aec0d9aa7b4d7eacc579c2583a583c']",
              "item/DidyousubscribedPuneTechCommunit/Value": "@outputs('Get_response_details')?['body/r3d55646f63cf4e60bd67eb09f36c21d8']",
              "item/YearsofExperience": "@outputs('Get_response_details')?['body/rf6b527d3afad409c8f00fd87c604883e']"
            },
            "authentication": "@parameters('$authentication')"
          }
        }
      }
    },
    "templateName": ""
  },
  "schemaVersion": "1.0.0.0"
}