{
  "properties": {
    "connectionReferences": {
      "shared_sharepointonline_2": {
        "runtimeSource": "invoker",
        "connection": {
          "connectionReferenceLogicalName": "new_sharedsharepointonline_c3767"
        },
        "api": {
          "name": "shared_sharepointonline"
        }
      }
    },
    "definition": {
      "$schema": "https://schema.management.azure.com/providers/Microsoft.Logic/schemas/2016-06-01/workflowdefinition.json#",
      "contentVersion": "1.0.0.0",
      "parameters": {
        "$connections": {
          "defaultValue": {},
          "type": "Object"
        },
        "$authentication": {
          "defaultValue": {},
          "type": "SecureObject"
        },
        "GAIB_Site (new_GAIB_Site)": {
          "defaultValue": "https://mypersorg.sharepoint.com/sites/Community",
          "type": "String",
          "metadata": {
            "schemaName": "new_GAIB_Site"
          }
        },
        "GAIB_Attendees (new_GAIB_Attendees)": {
          "defaultValue": "3b45987d-9a94-40f6-89d5-0e236c4e2d86",
          "type": "String",
          "metadata": {
            "schemaName": "new_GAIB_Attendees"
          }
        }
      },
      "triggers": {
        "manual": {
          "metadata": {
            "operationMetadataId": "f2f4e9d0-e3d3-4064-97f4-6ff52eabb421"
          },
          "type": "Request",
          "kind": "Button",
          "inputs": {
            "schema": {
              "type": "object",
              "properties": {},
              "required": []
            }
          }
        }
      },
      "actions": {
        "Get_items": {
          "runAfter": {},
          "metadata": {
            "operationMetadataId": "c15f36ef-29ea-4647-b190-f500c8b5b20a"
          },
          "type": "OpenApiConnection",
          "inputs": {
            "host": {
              "connectionName": "shared_sharepointonline_2",
              "operationId": "GetItems",
              "apiId": "/providers/Microsoft.PowerApps/apis/shared_sharepointonline"
            },
            "parameters": {
              "dataset": "@parameters('GAIB_Site (new_GAIB_Site)')",
              "table": "@parameters('GAIB_Attendees (new_GAIB_Attendees)')",
              "$filter": "NotifyAttendee eq 0 and (AttendeeConfirmed eq 'Yes' or AttendeeConfirmed eq 'No')"
            },
            "authentication": {
              "type": "Raw",
              "value": "@json(decodeBase64(triggerOutputs().headers['X-MS-APIM-Tokens']))['$ConnectionKey']"
            }
          }
        },
        "Apply_to_each": {
          "foreach": "@outputs('Get_items')?['body/value']",
          "actions": {
            "Condition": {
              "actions": {
                "Create_file": {
                  "runAfter": {
                    "Generate_QR_Code_HTTP": [
                      "Succeeded"
                    ]
                  },
                  "metadata": {
                    "operationMetadataId": "08c84a5b-f120-4fe5-bb28-dc116c7a1ee7"
                  },
                  "type": "OpenApiConnection",
                  "inputs": {
                    "host": {
                      "connectionName": "shared_sharepointonline_2",
                      "operationId": "CreateFile",
                      "apiId": "/providers/Microsoft.PowerApps/apis/shared_sharepointonline"
                    },
                    "parameters": {
                      "dataset": "@parameters('GAIB_Site (new_GAIB_Site)')",
                      "folderPath": "/Shared Documents",
                      "name": "@{items('Apply_to_each')?['Title']}.png",
                      "body": "@base64ToBinary(body('Generate_QR_Code_HTTP')['$content'])"
                    },
                    "authentication": {
                      "type": "Raw",
                      "value": "@json(decodeBase64(triggerOutputs().headers['X-MS-APIM-Tokens']))['$ConnectionKey']"
                    }
                  },
                  "runtimeConfiguration": {
                    "contentTransfer": {
                      "transferMode": "Chunked"
                    }
                  }
                },
                "HTTP_2": {
                  "runAfter": {
                    "Create_file": [
                      "Succeeded"
                    ]
                  },
                  "metadata": {
                    "operationMetadataId": "4fffa744-2495-4c94-9445-a1aec784561e"
                  },
                  "type": "Http",
                  "inputs": {
                    "method": "POST",
                    "uri": "https://prod-14.centralindia.logic.azure.com:443/workflows/e9f4306634fc4a83b0a15b2bb5668e3f/triggers/manual/paths/invoke?api-version=2016-06-01&sp=%2Ftriggers%2Fmanual%2Frun&sv=1.0&sig=Bg9fUEZujk_Gu8T-GsyG0-1iQiukhITs0iXh_yMiqVc",
                    "body": "@items('Apply_to_each')?['ID']"
                  }
                },
                "Generate_QR_Code_HTTP": {
                  "runAfter": {},
                  "metadata": {
                    "operationMetadataId": "a657a6ef-9dff-46ac-a909-8efb922d1bd4"
                  },
                  "type": "Http",
                  "inputs": {
                    "method": "GET",
                    "uri": "https://api.qrserver.com/v1/create-qr-code/?size=150x150&data=@{items('Apply_to_each')?['Email']}"
                  }
                }
              },
              "runAfter": {},
              "else": {
                "actions": {
                  "HTTP": {
                    "runAfter": {},
                    "metadata": {
                      "operationMetadataId": "8652bc11-49fc-4fd2-9efb-51a9a2b74d61"
                    },
                    "type": "Http",
                    "inputs": {
                      "method": "POST",
                      "uri": "https://prod-14.centralindia.logic.azure.com:443/workflows/e9f4306634fc4a83b0a15b2bb5668e3f/triggers/manual/paths/invoke?api-version=2016-06-01&sp=%2Ftriggers%2Fmanual%2Frun&sv=1.0&sig=Bg9fUEZujk_Gu8T-GsyG0-1iQiukhITs0iXh_yMiqVc",
                      "body": "@items('Apply_to_each')?['ID']"
                    }
                  }
                }
              },
              "expression": {
                "equals": [
                  "@items('Apply_to_each')?['AttendeeConfirmed/Value']",
                  "Yes"
                ]
              },
              "metadata": {
                "operationMetadataId": "e9709a22-d005-4b5d-9aa8-f71e67453e61"
              },
              "type": "If"
            }
          },
          "runAfter": {
            "Get_items": [
              "Succeeded"
            ]
          },
          "metadata": {
            "operationMetadataId": "49a6baa4-d5bd-4fc3-845e-cd8c829c4b39"
          },
          "type": "Foreach"
        }
      }
    },
    "templateName": ""
  },
  "schemaVersion": "1.0.0.0"
}