<environmentvariabledefinition schemaname="new_GAIB_Site">
  <apiid>/providers/microsoft.powerapps/apis/shared_sharepointonline</apiid>
  <defaultvalue>https://mypersorg.sharepoint.com/sites/Community</defaultvalue>
  <displayname default="GAIB_Site">
    <label description="GAIB_Site" languagecode="1033" />
  </displayname>
  <introducedversion>1.0.0.0</introducedversion>
  <iscustomizable>1</iscustomizable>
  <isrequired>0</isrequired>
  <parameterkey>dataset</parameterkey>
  <secretstore>0</secretstore>
  <type>100000004</type>
</environmentvariabledefinition>