<environmentvariabledefinition schemaname="new_GAIB_Attendees">
  <apiid>/providers/microsoft.powerapps/apis/shared_sharepointonline</apiid>
  <defaultvalue>3b45987d-9a94-40f6-89d5-0e236c4e2d86</defaultvalue>
  <displayname default="GAIB_Attendees">
    <label description="GAIB_Attendees" languagecode="1033" />
  </displayname>
  <introducedversion>1.0.0.0</introducedversion>
  <iscustomizable>1</iscustomizable>
  <isrequired>0</isrequired>
  <parameterkey>table</parameterkey>
  <parentdefinitionid>
    <schemaname>new_GAIB_Site</schemaname>
  </parentdefinitionid>
  <secretstore>0</secretstore>
  <type>100000004</type>
</environmentvariabledefinition>