{"schemaVersion":"1.0","appDefinitionTemplate":{"id":"/providers/Microsoft.PowerApps/apps/","type":"Microsoft.PowerApps/apps","tags":{"primaryDeviceWidth":"1366","primaryDeviceHeight":"768","supportsPortrait":"true","supportsLandscape":"true","primaryFormFactor":"Tablet","publisherVersion":"3.25021.9","minimumRequiredApiVersion":"2.2.0","hasComponent":"false","hasUnlockedComponent":"false","isUnifiedRootApp":"false","sienaVersion":"20250219T094611Z-3.25021.9.0","showStatusBar":"false","offlineLargeFilesSupport":"false"},"properties":{"appVersion":"2025-02-19T09:46:11Z","lifeCycleId":"Published","createdByClientVersion":{"major":3,"minor":25021,"build":9,"revision":0,"majorRevision":0,"minorRevision":0},"minClientVersion":{"major":3,"minor":25021,"build":9,"revision":0,"majorRevision":0,"minorRevision":0},"backgroundColor":"RGBA(0,176,240,1)","backgroundImageUri":"/5458344835087965541/N734fff67-dc07-4944-90f1-23eda862af8a-logoSmallFile","displayName":"Global Power Platform Bootcamp, Pune 2025","description":"Added GPPB 2025 Data","commitMessage":"","appUris":{"documentUri":{"value":"/5458344835087965541/N407328b3-9196-48a9-bb8c-a34bf8bdc7bd-document.msapp"},"imageUris":[],"additionalUris":[{"isSolutionAware":false,"value":"/5458344835087965541/N1180b10a-bcb3-41c0-a1bd-4ae957920646-identity.json"}]},"createdTime":"0001-01-01T00:00:00Z","lastModifiedTime":"0001-01-01T00:00:00Z","sharedGroupsCount":0,"sharedUsersCount":0,"connectionReferences":{"8295ad49-e831-4797-8ccf-9ee3a00a2838":{"id":"cbcd2710-4cf8-44f5-9f6d-f4cb72505a47","displayName":"SharePoint","iconUri":"https://conn-afd-prod-endpoint-bmc9bqahasf3grgk.b01.azurefd.net/releases/v1.0.1732/1.0.1732.4070/sharepointonline/icon.png","dataSources":["GPPB-Pune 2024 Attendance","GPPB-Pune 2025 Attendance"],"dependencies":[],"dependents":[],"parameterHints":{},"parameterHintsV2":{},"isOnPremiseConnection":false,"bypassConsent":false,"dataSets":{"https://mypersorg.sharepoint.com/sites/Community":{"dataSources":{"GPPB-Pune 2024 Attendance":{"tableName":"7ae5db2f-01f0-4a19-8efa-da99dac948de"},"GPPB-Pune 2025 Attendance":{"tableName":"c520b4d3-4c8d-4182-9805-9ca5968fc88f"}}}},"apiTier":"Standard","isCustomApiConnection":false,"actions":["providers/PowerPlatform.Governance/Operations/Read","providers/PowerPlatform.Governance/Operations/Write"]}},"databaseReferences":{},"almMode":"Environment","performanceOptimizationEnabled":true,"canConsumeAppPass":false,"enableModernRuntimeMode":false,"executionRestrictions":{"isTeamsOnly":false,"dataLossPreventionEvaluationResult":{"status":"Compliant","lastEvaluationDate":"2024-02-19T06:58:21.1531671Z","violations":[],"violationsByPolicy":[],"violationErrorMessage":"The app uses the following connectors: shared_sharepointonline."}}},"isAppComponentLibrary":false,"appType":"ClassicCanvasApp","appComponents":[]}}